31.128.96.0/24,UA,UA-30,Kyiv,
31.128.97.0/24,UA,UA-30,Kyiv,
31.128.98.0/24,UA,UA-30,Kyiv,
31.128.99.0/24,UA,UA-30,Kyiv,
31.128.100.0/24,UA,UA-30,Kyiv,
31.128.101.0/24,UA,UA-30,Kyiv,
31.128.102.0/24,UA,UA-30,Kyiv,
31.128.103.0/24,UA,UA-30,Kyiv,
31.128.104.0/24,UA,UA-30,Kyiv,
31.128.105.0/24,UA,UA-30,Kyiv,
31.128.106.0/24,UA,UA-30,Kyiv,
31.128.107.0/24,UA,UA-30,Kyiv,
31.128.108.0/24,UA,UA-30,Kyiv,
31.128.109.0/24,UA,UA-30,Kyiv,
31.128.110.0/24,UA,UA-30,Kyiv,
31.128.111.0/24,UA,UA-30,Kyiv,
31.128.112.0/24,US,US-VA,Ashburn,
31.128.113.0/24,US,US-VA,Ashburn,
31.128.114.0/24,US,US-VA,Ashburn,
31.128.115.0/24,US,US-VA,Ashburn,
31.128.116.0/24,US,US-VA,Ashburn,
31.128.117.0/24,US,US-VA,Ashburn,
31.128.118.0/24,US,US-VA,Ashburn,
31.128.119.0/24,US,US-VA,Ashburn,
31.128.120.0/24,US,US-VA,Ashburn,
31.128.121.0/24,US,US-VA,Ashburn,
31.128.122.0/24,US,US-VA,Ashburn,
31.128.123.0/24,US,US-VA,Ashburn,
31.128.124.0/24,US,US-VA,Ashburn,
31.128.125.0/24,US,US-VA,Ashburn,
31.128.126.0/24,US,US-VA,Ashburn,
31.128.127.0/24,US,US-VA,Ashburn,
